date_key,order_date,order_year,order_month,order_quarter,weekday
1,2022-01-03,2022,1,1,Monday
2,2022-01-04,2022,1,1,Tuesday
3,2022-01-05,2022,1,1,Wednesday
4,2022-01-06,2022,1,1,Thursday
5,2022-01-07,2022,1,1,Friday
6,2022-01-09,2022,1,1,Sunday
7,2022-01-10,2022,1,1,Monday
8,2022-01-11,2022,1,1,Tuesday
9,2022-01-13,2022,1,1,Thursday
10,2022-01-14,2022,1,1,Friday
11,2022-01-15,2022,1,1,Saturday
12,2022-01-16,2022,1,1,Sunday
13,2022-01-18,2022,1,1,Tuesday
14,2022-01-19,2022,1,1,Wednesday
15,2022-01-20,2022,1,1,Thursday
16,2022-01-21,2022,1,1,Friday
17,2022-01-23,2022,1,1,Sunday
18,2022-01-26,2022,1,1,Wednesday
19,2022-01-27,2022,1,1,Thursday
20,2022-01-28,2022,1,1,Friday
21,2022-01-30,2022,1,1,Sunday
22,2022-01-31,2022,1,1,Monday
23,2022-02-01,2022,2,1,Tuesday
24,2022-02-02,2022,2,1,Wednesday
25,2022-02-03,2022,2,1,Thursday
26,2022-02-04,2022,2,1,Friday
27,2022-02-06,2022,2,1,Sunday
28,2022-02-07,2022,2,1,Monday
29,2022-02-08,2022,2,1,Tuesday
30,2022-02-11,2022,2,1,Friday
31,2022-02-12,2022,2,1,Saturday
32,2022-02-14,2022,2,1,Monday
33,2022-02-15,2022,2,1,Tuesday
34,2022-02-16,2022,2,1,Wednesday
35,2022-02-17,2022,2,1,Thursday
36,2022-02-18,2022,2,1,Friday
37,2022-02-20,2022,2,1,Sunday
38,2022-02-21,2022,2,1,Monday
39,2022-02-22,2022,2,1,Tuesday
40,2022-02-23,2022,2,1,Wednesday
41,2022-02-24,2022,2,1,Thursday
42,2022-02-27,2022,2,1,Sunday
43,2022-03-01,2022,3,1,Tuesday
44,2022-03-02,2022,3,1,Wednesday
45,2022-03-03,2022,3,1,Thursday
46,2022-03-04,2022,3,1,Friday
47,2022-03-05,2022,3,1,Saturday
48,2022-03-07,2022,3,1,Monday
49,2022-03-10,2022,3,1,Thursday
50,2022-03-11,2022,3,1,Friday
51,2022-03-13,2022,3,1,Sunday
52,2022-03-14,2022,3,1,Monday
53,2022-03-15,2022,3,1,Tuesday
54,2022-03-16,2022,3,1,Wednesday
55,2022-03-17,2022,3,1,Thursday
56,2022-03-18,2022,3,1,Friday
57,2022-03-19,2022,3,1,Saturday
58,2022-03-21,2022,3,1,Monday
59,2022-03-22,2022,3,1,Tuesday
60,2022-03-23,2022,3,1,Wednesday
61,2022-03-24,2022,3,1,Thursday
62,2022-03-25,2022,3,1,Friday
63,2022-03-26,2022,3,1,Saturday
64,2022-03-28,2022,3,1,Monday
65,2022-03-29,2022,3,1,Tuesday
66,2022-03-30,2022,3,1,Wednesday
67,2022-03-31,2022,3,1,Thursday
68,2022-04-01,2022,4,2,Friday
69,2022-04-02,2022,4,2,Saturday
70,2022-04-03,2022,4,2,Sunday
71,2022-04-04,2022,4,2,Monday
72,2022-04-05,2022,4,2,Tuesday
73,2022-04-06,2022,4,2,Wednesday
74,2022-04-07,2022,4,2,Thursday
75,2022-04-08,2022,4,2,Friday
76,2022-04-11,2022,4,2,Monday
77,2022-04-12,2022,4,2,Tuesday
78,2022-04-13,2022,4,2,Wednesday
79,2022-04-15,2022,4,2,Friday
80,2022-04-16,2022,4,2,Saturday
81,2022-04-18,2022,4,2,Monday
82,2022-04-19,2022,4,2,Tuesday
83,2022-04-20,2022,4,2,Wednesday
84,2022-04-21,2022,4,2,Thursday
85,2022-04-22,2022,4,2,Friday
86,2022-04-23,2022,4,2,Saturday
87,2022-04-25,2022,4,2,Monday
88,2022-04-26,2022,4,2,Tuesday
89,2022-04-28,2022,4,2,Thursday
90,2022-04-29,2022,4,2,Friday
91,2022-04-30,2022,4,2,Saturday
92,2022-05-02,2022,5,2,Monday
93,2022-05-03,2022,5,2,Tuesday
94,2022-05-04,2022,5,2,Wednesday
95,2022-05-05,2022,5,2,Thursday
96,2022-05-06,2022,5,2,Friday
97,2022-05-07,2022,5,2,Saturday
98,2022-05-08,2022,5,2,Sunday
99,2022-05-09,2022,5,2,Monday
100,2022-05-10,2022,5,2,Tuesday
101,2022-05-11,2022,5,2,Wednesday
102,2022-05-12,2022,5,2,Thursday
103,2022-05-13,2022,5,2,Friday
104,2022-05-14,2022,5,2,Saturday
105,2022-05-16,2022,5,2,Monday
106,2022-05-17,2022,5,2,Tuesday
107,2022-05-18,2022,5,2,Wednesday
108,2022-05-19,2022,5,2,Thursday
109,2022-05-20,2022,5,2,Friday
110,2022-05-21,2022,5,2,Saturday
111,2022-05-22,2022,5,2,Sunday
112,2022-05-23,2022,5,2,Monday
113,2022-05-24,2022,5,2,Tuesday
114,2022-05-25,2022,5,2,Wednesday
115,2022-05-26,2022,5,2,Thursday
116,2022-05-27,2022,5,2,Friday
117,2022-05-28,2022,5,2,Saturday
118,2022-05-30,2022,5,2,Monday
119,2022-05-31,2022,5,2,Tuesday
120,2022-06-01,2022,6,2,Wednesday
121,2022-06-02,2022,6,2,Thursday
122,2022-06-03,2022,6,2,Friday
123,2022-06-04,2022,6,2,Saturday
124,2022-06-06,2022,6,2,Monday
125,2022-06-07,2022,6,2,Tuesday
126,2022-06-08,2022,6,2,Wednesday
127,2022-06-09,2022,6,2,Thursday
128,2022-06-10,2022,6,2,Friday
129,2022-06-13,2022,6,2,Monday
130,2022-06-14,2022,6,2,Tuesday
131,2022-06-15,2022,6,2,Wednesday
132,2022-06-16,2022,6,2,Thursday
133,2022-06-17,2022,6,2,Friday
134,2022-06-18,2022,6,2,Saturday
135,2022-06-20,2022,6,2,Monday
136,2022-06-21,2022,6,2,Tuesday
137,2022-06-22,2022,6,2,Wednesday
138,2022-06-23,2022,6,2,Thursday
139,2022-06-24,2022,6,2,Friday
140,2022-06-25,2022,6,2,Saturday
141,2022-06-27,2022,6,2,Monday
142,2022-06-28,2022,6,2,Tuesday
143,2022-06-29,2022,6,2,Wednesday
144,2022-06-30,2022,6,2,Thursday
145,2022-07-01,2022,7,3,Friday
146,2022-07-02,2022,7,3,Saturday
147,2022-07-04,2022,7,3,Monday
148,2022-07-05,2022,7,3,Tuesday
149,2022-07-06,2022,7,3,Wednesday
150,2022-07-07,2022,7,3,Thursday
151,2022-07-08,2022,7,3,Friday
152,2022-07-09,2022,7,3,Saturday
153,2022-07-11,2022,7,3,Monday
154,2022-07-12,2022,7,3,Tuesday
155,2022-07-13,2022,7,3,Wednesday
156,2022-07-14,2022,7,3,Thursday
157,2022-07-15,2022,7,3,Friday
158,2022-07-18,2022,7,3,Monday
159,2022-07-19,2022,7,3,Tuesday
160,2022-07-20,2022,7,3,Wednesday
161,2022-07-21,2022,7,3,Thursday
162,2022-07-22,2022,7,3,Friday
163,2022-07-23,2022,7,3,Saturday
164,2022-07-25,2022,7,3,Monday
165,2022-07-26,2022,7,3,Tuesday
166,2022-07-27,2022,7,3,Wednesday
167,2022-07-28,2022,7,3,Thursday
168,2022-07-30,2022,7,3,Saturday
169,2022-08-01,2022,8,3,Monday
170,2022-08-02,2022,8,3,Tuesday
171,2022-08-03,2022,8,3,Wednesday
172,2022-08-04,2022,8,3,Thursday
173,2022-08-05,2022,8,3,Friday
174,2022-08-06,2022,8,3,Saturday
175,2022-08-08,2022,8,3,Monday
176,2022-08-09,2022,8,3,Tuesday
177,2022-08-11,2022,8,3,Thursday
178,2022-08-12,2022,8,3,Friday
179,2022-08-15,2022,8,3,Monday
180,2022-08-16,2022,8,3,Tuesday
181,2022-08-17,2022,8,3,Wednesday
182,2022-08-19,2022,8,3,Friday
183,2022-08-20,2022,8,3,Saturday
184,2022-08-22,2022,8,3,Monday
185,2022-08-23,2022,8,3,Tuesday
186,2022-08-24,2022,8,3,Wednesday
187,2022-08-25,2022,8,3,Thursday
188,2022-08-26,2022,8,3,Friday
189,2022-08-27,2022,8,3,Saturday
190,2022-08-29,2022,8,3,Monday
191,2022-08-30,2022,8,3,Tuesday
192,2022-08-31,2022,8,3,Wednesday
193,2022-09-01,2022,9,3,Thursday
194,2022-09-02,2022,9,3,Friday
195,2022-09-03,2022,9,3,Saturday
196,2022-09-05,2022,9,3,Monday
197,2022-09-06,2022,9,3,Tuesday
198,2022-09-07,2022,9,3,Wednesday
199,2022-09-08,2022,9,3,Thursday
200,2022-09-09,2022,9,3,Friday
201,2022-09-10,2022,9,3,Saturday
202,2022-09-11,2022,9,3,Sunday
203,2022-09-12,2022,9,3,Monday
204,2022-09-13,2022,9,3,Tuesday
205,2022-09-14,2022,9,3,Wednesday
206,2022-09-15,2022,9,3,Thursday
207,2022-09-16,2022,9,3,Friday
208,2022-09-17,2022,9,3,Saturday
209,2022-09-19,2022,9,3,Monday
210,2022-09-20,2022,9,3,Tuesday
211,2022-09-21,2022,9,3,Wednesday
212,2022-09-22,2022,9,3,Thursday
213,2022-09-23,2022,9,3,Friday
214,2022-09-24,2022,9,3,Saturday
215,2022-09-25,2022,9,3,Sunday
216,2022-09-26,2022,9,3,Monday
217,2022-09-27,2022,9,3,Tuesday
218,2022-09-28,2022,9,3,Wednesday
219,2022-09-29,2022,9,3,Thursday
220,2022-09-30,2022,9,3,Friday
221,2022-10-01,2022,10,4,Saturday
222,2022-10-02,2022,10,4,Sunday
223,2022-10-03,2022,10,4,Monday
224,2022-10-04,2022,10,4,Tuesday
225,2022-10-05,2022,10,4,Wednesday
226,2022-10-06,2022,10,4,Thursday
227,2022-10-07,2022,10,4,Friday
228,2022-10-08,2022,10,4,Saturday
229,2022-10-09,2022,10,4,Sunday
230,2022-10-10,2022,10,4,Monday
231,2022-10-11,2022,10,4,Tuesday
232,2022-10-12,2022,10,4,Wednesday
233,2022-10-13,2022,10,4,Thursday
234,2022-10-14,2022,10,4,Friday
235,2022-10-15,2022,10,4,Saturday
236,2022-10-16,2022,10,4,Sunday
237,2022-10-17,2022,10,4,Monday
238,2022-10-18,2022,10,4,Tuesday
239,2022-10-19,2022,10,4,Wednesday
240,2022-10-20,2022,10,4,Thursday
241,2022-10-21,2022,10,4,Friday
242,2022-10-22,2022,10,4,Saturday
243,2022-10-24,2022,10,4,Monday
244,2022-10-25,2022,10,4,Tuesday
245,2022-10-26,2022,10,4,Wednesday
246,2022-10-27,2022,10,4,Thursday
247,2022-10-28,2022,10,4,Friday
248,2022-10-29,2022,10,4,Saturday
249,2022-10-31,2022,10,4,Monday
250,2022-11-01,2022,11,4,Tuesday
251,2022-11-02,2022,11,4,Wednesday
252,2022-11-03,2022,11,4,Thursday
253,2022-11-04,2022,11,4,Friday
254,2022-11-05,2022,11,4,Saturday
255,2022-11-06,2022,11,4,Sunday
256,2022-11-07,2022,11,4,Monday
257,2022-11-08,2022,11,4,Tuesday
258,2022-11-09,2022,11,4,Wednesday
259,2022-11-10,2022,11,4,Thursday
260,2022-11-11,2022,11,4,Friday
261,2022-11-12,2022,11,4,Saturday
262,2022-11-14,2022,11,4,Monday
263,2022-11-15,2022,11,4,Tuesday
264,2022-11-16,2022,11,4,Wednesday
265,2022-11-17,2022,11,4,Thursday
266,2022-11-18,2022,11,4,Friday
267,2022-11-19,2022,11,4,Saturday
268,2022-11-20,2022,11,4,Sunday
269,2022-11-21,2022,11,4,Monday
270,2022-11-22,2022,11,4,Tuesday
271,2022-11-23,2022,11,4,Wednesday
272,2022-11-24,2022,11,4,Thursday
273,2022-11-25,2022,11,4,Friday
274,2022-11-26,2022,11,4,Saturday
275,2022-11-27,2022,11,4,Sunday
276,2022-11-28,2022,11,4,Monday
277,2022-11-29,2022,11,4,Tuesday
278,2022-11-30,2022,11,4,Wednesday
279,2022-12-01,2022,12,4,Thursday
280,2022-12-02,2022,12,4,Friday
281,2022-12-03,2022,12,4,Saturday
282,2022-12-04,2022,12,4,Sunday
283,2022-12-05,2022,12,4,Monday
284,2022-12-06,2022,12,4,Tuesday
285,2022-12-07,2022,12,4,Wednesday
286,2022-12-08,2022,12,4,Thursday
287,2022-12-09,2022,12,4,Friday
288,2022-12-10,2022,12,4,Saturday
289,2022-12-12,2022,12,4,Monday
290,2022-12-13,2022,12,4,Tuesday
291,2022-12-14,2022,12,4,Wednesday
292,2022-12-15,2022,12,4,Thursday
293,2022-12-16,2022,12,4,Friday
294,2022-12-17,2022,12,4,Saturday
295,2022-12-19,2022,12,4,Monday
296,2022-12-20,2022,12,4,Tuesday
297,2022-12-21,2022,12,4,Wednesday
298,2022-12-22,2022,12,4,Thursday
299,2022-12-23,2022,12,4,Friday
300,2022-12-24,2022,12,4,Saturday
301,2022-12-26,2022,12,4,Monday
302,2022-12-27,2022,12,4,Tuesday
303,2022-12-28,2022,12,4,Wednesday
304,2022-12-29,2022,12,4,Thursday
305,2022-12-30,2022,12,4,Friday
306,2022-12-31,2022,12,4,Saturday
307,2023-01-02,2023,1,1,Monday
308,2023-01-03,2023,1,1,Tuesday
309,2023-01-04,2023,1,1,Wednesday
310,2023-01-05,2023,1,1,Thursday
311,2023-01-06,2023,1,1,Friday
312,2023-01-09,2023,1,1,Monday
313,2023-01-10,2023,1,1,Tuesday
314,2023-01-12,2023,1,1,Thursday
315,2023-01-13,2023,1,1,Friday
316,2023-01-17,2023,1,1,Tuesday
317,2023-01-19,2023,1,1,Thursday
318,2023-01-21,2023,1,1,Saturday
319,2023-01-23,2023,1,1,Monday
320,2023-01-24,2023,1,1,Tuesday
321,2023-01-26,2023,1,1,Thursday
322,2023-01-27,2023,1,1,Friday
323,2023-01-28,2023,1,1,Saturday
324,2023-01-30,2023,1,1,Monday
325,2023-01-31,2023,1,1,Tuesday
326,2023-02-03,2023,2,1,Friday
327,2023-02-06,2023,2,1,Monday
328,2023-02-07,2023,2,1,Tuesday
329,2023-02-08,2023,2,1,Wednesday
330,2023-02-09,2023,2,1,Thursday
331,2023-02-10,2023,2,1,Friday
332,2023-02-14,2023,2,1,Tuesday
333,2023-02-15,2023,2,1,Wednesday
334,2023-02-16,2023,2,1,Thursday
335,2023-02-18,2023,2,1,Saturday
336,2023-02-20,2023,2,1,Monday
337,2023-02-21,2023,2,1,Tuesday
338,2023-02-22,2023,2,1,Wednesday
339,2023-02-23,2023,2,1,Thursday
340,2023-02-25,2023,2,1,Saturday
341,2023-02-27,2023,2,1,Monday
342,2023-02-28,2023,2,1,Tuesday
343,2023-03-01,2023,3,1,Wednesday
344,2023-03-02,2023,3,1,Thursday
345,2023-03-05,2023,3,1,Sunday
346,2023-03-06,2023,3,1,Monday
347,2023-03-07,2023,3,1,Tuesday
348,2023-03-08,2023,3,1,Wednesday
349,2023-03-09,2023,3,1,Thursday
350,2023-03-10,2023,3,1,Friday
351,2023-03-12,2023,3,1,Sunday
352,2023-03-13,2023,3,1,Monday
353,2023-03-14,2023,3,1,Tuesday
354,2023-03-15,2023,3,1,Wednesday
355,2023-03-16,2023,3,1,Thursday
356,2023-03-17,2023,3,1,Friday
357,2023-03-19,2023,3,1,Sunday
358,2023-03-20,2023,3,1,Monday
359,2023-03-21,2023,3,1,Tuesday
360,2023-03-22,2023,3,1,Wednesday
361,2023-03-23,2023,3,1,Thursday
362,2023-03-24,2023,3,1,Friday
363,2023-03-26,2023,3,1,Sunday
364,2023-03-27,2023,3,1,Monday
365,2023-03-28,2023,3,1,Tuesday
366,2023-03-29,2023,3,1,Wednesday
367,2023-03-30,2023,3,1,Thursday
368,2023-03-31,2023,3,1,Friday
369,2023-04-02,2023,4,2,Sunday
370,2023-04-04,2023,4,2,Tuesday
371,2023-04-05,2023,4,2,Wednesday
372,2023-04-06,2023,4,2,Thursday
373,2023-04-07,2023,4,2,Friday
374,2023-04-09,2023,4,2,Sunday
375,2023-04-10,2023,4,2,Monday
376,2023-04-11,2023,4,2,Tuesday
377,2023-04-12,2023,4,2,Wednesday
378,2023-04-13,2023,4,2,Thursday
379,2023-04-14,2023,4,2,Friday
380,2023-04-16,2023,4,2,Sunday
381,2023-04-17,2023,4,2,Monday
382,2023-04-18,2023,4,2,Tuesday
383,2023-04-19,2023,4,2,Wednesday
384,2023-04-20,2023,4,2,Thursday
385,2023-04-21,2023,4,2,Friday
386,2023-04-22,2023,4,2,Saturday
387,2023-04-24,2023,4,2,Monday
388,2023-04-25,2023,4,2,Tuesday
389,2023-04-26,2023,4,2,Wednesday
390,2023-04-27,2023,4,2,Thursday
391,2023-04-28,2023,4,2,Friday
392,2023-04-29,2023,4,2,Saturday
393,2023-04-30,2023,4,2,Sunday
394,2023-05-01,2023,5,2,Monday
395,2023-05-02,2023,5,2,Tuesday
396,2023-05-03,2023,5,2,Wednesday
397,2023-05-04,2023,5,2,Thursday
398,2023-05-07,2023,5,2,Sunday
399,2023-05-08,2023,5,2,Monday
400,2023-05-09,2023,5,2,Tuesday
401,2023-05-10,2023,5,2,Wednesday
402,2023-05-11,2023,5,2,Thursday
403,2023-05-12,2023,5,2,Friday
404,2023-05-13,2023,5,2,Saturday
405,2023-05-14,2023,5,2,Sunday
406,2023-05-15,2023,5,2,Monday
407,2023-05-16,2023,5,2,Tuesday
408,2023-05-17,2023,5,2,Wednesday
409,2023-05-18,2023,5,2,Thursday
410,2023-05-20,2023,5,2,Saturday
411,2023-05-21,2023,5,2,Sunday
412,2023-05-22,2023,5,2,Monday
413,2023-05-23,2023,5,2,Tuesday
414,2023-05-24,2023,5,2,Wednesday
415,2023-05-25,2023,5,2,Thursday
416,2023-05-26,2023,5,2,Friday
417,2023-05-28,2023,5,2,Sunday
418,2023-05-29,2023,5,2,Monday
419,2023-05-30,2023,5,2,Tuesday
420,2023-05-31,2023,5,2,Wednesday
421,2023-06-01,2023,6,2,Thursday
422,2023-06-04,2023,6,2,Sunday
423,2023-06-05,2023,6,2,Monday
424,2023-06-07,2023,6,2,Wednesday
425,2023-06-08,2023,6,2,Thursday
426,2023-06-09,2023,6,2,Friday
427,2023-06-11,2023,6,2,Sunday
428,2023-06-12,2023,6,2,Monday
429,2023-06-13,2023,6,2,Tuesday
430,2023-06-14,2023,6,2,Wednesday
431,2023-06-15,2023,6,2,Thursday
432,2023-06-16,2023,6,2,Friday
433,2023-06-18,2023,6,2,Sunday
434,2023-06-19,2023,6,2,Monday
435,2023-06-20,2023,6,2,Tuesday
436,2023-06-21,2023,6,2,Wednesday
437,2023-06-22,2023,6,2,Thursday
438,2023-06-23,2023,6,2,Friday
439,2023-06-25,2023,6,2,Sunday
440,2023-06-26,2023,6,2,Monday
441,2023-06-28,2023,6,2,Wednesday
442,2023-06-29,2023,6,2,Thursday
443,2023-07-02,2023,7,3,Sunday
444,2023-07-03,2023,7,3,Monday
445,2023-07-04,2023,7,3,Tuesday
446,2023-07-05,2023,7,3,Wednesday
447,2023-07-06,2023,7,3,Thursday
448,2023-07-08,2023,7,3,Saturday
449,2023-07-09,2023,7,3,Sunday
450,2023-07-10,2023,7,3,Monday
451,2023-07-11,2023,7,3,Tuesday
452,2023-07-12,2023,7,3,Wednesday
453,2023-07-13,2023,7,3,Thursday
454,2023-07-14,2023,7,3,Friday
455,2023-07-16,2023,7,3,Sunday
456,2023-07-17,2023,7,3,Monday
457,2023-07-18,2023,7,3,Tuesday
458,2023-07-19,2023,7,3,Wednesday
459,2023-07-20,2023,7,3,Thursday
460,2023-07-23,2023,7,3,Sunday
461,2023-07-24,2023,7,3,Monday
462,2023-07-25,2023,7,3,Tuesday
463,2023-07-26,2023,7,3,Wednesday
464,2023-07-27,2023,7,3,Thursday
465,2023-07-30,2023,7,3,Sunday
466,2023-07-31,2023,7,3,Monday
467,2023-08-01,2023,8,3,Tuesday
468,2023-08-02,2023,8,3,Wednesday
469,2023-08-05,2023,8,3,Saturday
470,2023-08-06,2023,8,3,Sunday
471,2023-08-07,2023,8,3,Monday
472,2023-08-08,2023,8,3,Tuesday
473,2023-08-09,2023,8,3,Wednesday
474,2023-08-10,2023,8,3,Thursday
475,2023-08-11,2023,8,3,Friday
476,2023-08-13,2023,8,3,Sunday
477,2023-08-15,2023,8,3,Tuesday
478,2023-08-16,2023,8,3,Wednesday
479,2023-08-17,2023,8,3,Thursday
480,2023-08-21,2023,8,3,Monday
481,2023-08-22,2023,8,3,Tuesday
482,2023-08-23,2023,8,3,Wednesday
483,2023-08-24,2023,8,3,Thursday
484,2023-08-25,2023,8,3,Friday
485,2023-08-27,2023,8,3,Sunday
486,2023-08-28,2023,8,3,Monday
487,2023-08-29,2023,8,3,Tuesday
488,2023-08-31,2023,8,3,Thursday
489,2023-09-01,2023,9,3,Friday
490,2023-09-03,2023,9,3,Sunday
491,2023-09-04,2023,9,3,Monday
492,2023-09-05,2023,9,3,Tuesday
493,2023-09-06,2023,9,3,Wednesday
494,2023-09-07,2023,9,3,Thursday
495,2023-09-08,2023,9,3,Friday
496,2023-09-10,2023,9,3,Sunday
497,2023-09-11,2023,9,3,Monday
498,2023-09-12,2023,9,3,Tuesday
499,2023-09-13,2023,9,3,Wednesday
500,2023-09-14,2023,9,3,Thursday
501,2023-09-15,2023,9,3,Friday
502,2023-09-16,2023,9,3,Saturday
503,2023-09-17,2023,9,3,Sunday
504,2023-09-18,2023,9,3,Monday
505,2023-09-19,2023,9,3,Tuesday
506,2023-09-20,2023,9,3,Wednesday
507,2023-09-21,2023,9,3,Thursday
508,2023-09-22,2023,9,3,Friday
509,2023-09-24,2023,9,3,Sunday
510,2023-09-25,2023,9,3,Monday
511,2023-09-26,2023,9,3,Tuesday
512,2023-09-27,2023,9,3,Wednesday
513,2023-09-28,2023,9,3,Thursday
514,2023-10-01,2023,10,4,Sunday
515,2023-10-02,2023,10,4,Monday
516,2023-10-03,2023,10,4,Tuesday
517,2023-10-04,2023,10,4,Wednesday
518,2023-10-05,2023,10,4,Thursday
519,2023-10-08,2023,10,4,Sunday
520,2023-10-09,2023,10,4,Monday
521,2023-10-10,2023,10,4,Tuesday
522,2023-10-11,2023,10,4,Wednesday
523,2023-10-12,2023,10,4,Thursday
524,2023-10-13,2023,10,4,Friday
525,2023-10-15,2023,10,4,Sunday
526,2023-10-16,2023,10,4,Monday
527,2023-10-17,2023,10,4,Tuesday
528,2023-10-18,2023,10,4,Wednesday
529,2023-10-19,2023,10,4,Thursday
530,2023-10-20,2023,10,4,Friday
531,2023-10-22,2023,10,4,Sunday
532,2023-10-23,2023,10,4,Monday
533,2023-10-24,2023,10,4,Tuesday
534,2023-10-25,2023,10,4,Wednesday
535,2023-10-26,2023,10,4,Thursday
536,2023-10-28,2023,10,4,Saturday
537,2023-10-29,2023,10,4,Sunday
538,2023-10-30,2023,10,4,Monday
539,2023-10-31,2023,10,4,Tuesday
540,2023-11-01,2023,11,4,Wednesday
541,2023-11-02,2023,11,4,Thursday
542,2023-11-03,2023,11,4,Friday
543,2023-11-05,2023,11,4,Sunday
544,2023-11-06,2023,11,4,Monday
545,2023-11-07,2023,11,4,Tuesday
546,2023-11-08,2023,11,4,Wednesday
547,2023-11-09,2023,11,4,Thursday
548,2023-11-10,2023,11,4,Friday
549,2023-11-11,2023,11,4,Saturday
550,2023-11-12,2023,11,4,Sunday
551,2023-11-13,2023,11,4,Monday
552,2023-11-14,2023,11,4,Tuesday
553,2023-11-15,2023,11,4,Wednesday
554,2023-11-16,2023,11,4,Thursday
555,2023-11-17,2023,11,4,Friday
556,2023-11-19,2023,11,4,Sunday
557,2023-11-20,2023,11,4,Monday
558,2023-11-21,2023,11,4,Tuesday
559,2023-11-22,2023,11,4,Wednesday
560,2023-11-23,2023,11,4,Thursday
561,2023-11-24,2023,11,4,Friday
562,2023-11-25,2023,11,4,Saturday
563,2023-11-26,2023,11,4,Sunday
564,2023-11-27,2023,11,4,Monday
565,2023-11-28,2023,11,4,Tuesday
566,2023-11-29,2023,11,4,Wednesday
567,2023-11-30,2023,11,4,Thursday
568,2023-12-01,2023,12,4,Friday
569,2023-12-02,2023,12,4,Saturday
570,2023-12-03,2023,12,4,Sunday
571,2023-12-04,2023,12,4,Monday
572,2023-12-05,2023,12,4,Tuesday
573,2023-12-06,2023,12,4,Wednesday
574,2023-12-07,2023,12,4,Thursday
575,2023-12-08,2023,12,4,Friday
576,2023-12-09,2023,12,4,Saturday
577,2023-12-10,2023,12,4,Sunday
578,2023-12-11,2023,12,4,Monday
579,2023-12-12,2023,12,4,Tuesday
580,2023-12-13,2023,12,4,Wednesday
581,2023-12-14,2023,12,4,Thursday
582,2023-12-15,2023,12,4,Friday
583,2023-12-16,2023,12,4,Saturday
584,2023-12-17,2023,12,4,Sunday
585,2023-12-18,2023,12,4,Monday
586,2023-12-19,2023,12,4,Tuesday
587,2023-12-20,2023,12,4,Wednesday
588,2023-12-21,2023,12,4,Thursday
589,2023-12-22,2023,12,4,Friday
590,2023-12-23,2023,12,4,Saturday
591,2023-12-24,2023,12,4,Sunday
592,2023-12-25,2023,12,4,Monday
593,2023-12-26,2023,12,4,Tuesday
594,2023-12-27,2023,12,4,Wednesday
595,2023-12-28,2023,12,4,Thursday
596,2023-12-29,2023,12,4,Friday
597,2023-12-30,2023,12,4,Saturday
598,2023-12-31,2023,12,4,Sunday
599,2024-01-02,2024,1,1,Tuesday
600,2024-01-03,2024,1,1,Wednesday
601,2024-01-04,2024,1,1,Thursday
602,2024-01-05,2024,1,1,Friday
603,2024-01-07,2024,1,1,Sunday
604,2024-01-08,2024,1,1,Monday
605,2024-01-09,2024,1,1,Tuesday
606,2024-01-10,2024,1,1,Wednesday
607,2024-01-11,2024,1,1,Thursday
608,2024-01-14,2024,1,1,Sunday
609,2024-01-15,2024,1,1,Monday
610,2024-01-16,2024,1,1,Tuesday
611,2024-01-17,2024,1,1,Wednesday
612,2024-01-21,2024,1,1,Sunday
613,2024-01-22,2024,1,1,Monday
614,2024-01-23,2024,1,1,Tuesday
615,2024-01-24,2024,1,1,Wednesday
616,2024-01-25,2024,1,1,Thursday
617,2024-01-28,2024,1,1,Sunday
618,2024-01-30,2024,1,1,Tuesday
619,2024-01-31,2024,1,1,Wednesday
620,2024-02-01,2024,2,1,Thursday
621,2024-02-02,2024,2,1,Friday
622,2024-02-03,2024,2,1,Saturday
623,2024-02-04,2024,2,1,Sunday
624,2024-02-05,2024,2,1,Monday
625,2024-02-06,2024,2,1,Tuesday
626,2024-02-07,2024,2,1,Wednesday
627,2024-02-08,2024,2,1,Thursday
628,2024-02-09,2024,2,1,Friday
629,2024-02-11,2024,2,1,Sunday
630,2024-02-12,2024,2,1,Monday
631,2024-02-13,2024,2,1,Tuesday
632,2024-02-14,2024,2,1,Wednesday
633,2024-02-15,2024,2,1,Thursday
634,2024-02-16,2024,2,1,Friday
635,2024-02-19,2024,2,1,Monday
636,2024-02-20,2024,2,1,Tuesday
637,2024-02-21,2024,2,1,Wednesday
638,2024-02-22,2024,2,1,Thursday
639,2024-02-23,2024,2,1,Friday
640,2024-02-25,2024,2,1,Sunday
641,2024-02-27,2024,2,1,Tuesday
642,2024-02-28,2024,2,1,Wednesday
643,2024-03-01,2024,3,1,Friday
644,2024-03-03,2024,3,1,Sunday
645,2024-03-04,2024,3,1,Monday
646,2024-03-05,2024,3,1,Tuesday
647,2024-03-06,2024,3,1,Wednesday
648,2024-03-07,2024,3,1,Thursday
649,2024-03-08,2024,3,1,Friday
650,2024-03-09,2024,3,1,Saturday
651,2024-03-10,2024,3,1,Sunday
652,2024-03-11,2024,3,1,Monday
653,2024-03-12,2024,3,1,Tuesday
654,2024-03-13,2024,3,1,Wednesday
655,2024-03-14,2024,3,1,Thursday
656,2024-03-15,2024,3,1,Friday
657,2024-03-17,2024,3,1,Sunday
658,2024-03-18,2024,3,1,Monday
659,2024-03-19,2024,3,1,Tuesday
660,2024-03-20,2024,3,1,Wednesday
661,2024-03-21,2024,3,1,Thursday
662,2024-03-22,2024,3,1,Friday
663,2024-03-24,2024,3,1,Sunday
664,2024-03-25,2024,3,1,Monday
665,2024-03-26,2024,3,1,Tuesday
666,2024-03-27,2024,3,1,Wednesday
667,2024-03-28,2024,3,1,Thursday
668,2024-03-29,2024,3,1,Friday
669,2024-03-30,2024,3,1,Saturday
670,2024-03-31,2024,3,1,Sunday
671,2024-04-01,2024,4,2,Monday
672,2024-04-02,2024,4,2,Tuesday
673,2024-04-03,2024,4,2,Wednesday
674,2024-04-04,2024,4,2,Thursday
675,2024-04-05,2024,4,2,Friday
676,2024-04-06,2024,4,2,Saturday
677,2024-04-07,2024,4,2,Sunday
678,2024-04-08,2024,4,2,Monday
679,2024-04-09,2024,4,2,Tuesday
680,2024-04-10,2024,4,2,Wednesday
681,2024-04-12,2024,4,2,Friday
682,2024-04-13,2024,4,2,Saturday
683,2024-04-14,2024,4,2,Sunday
684,2024-04-15,2024,4,2,Monday
685,2024-04-16,2024,4,2,Tuesday
686,2024-04-17,2024,4,2,Wednesday
687,2024-04-18,2024,4,2,Thursday
688,2024-04-19,2024,4,2,Friday
689,2024-04-21,2024,4,2,Sunday
690,2024-04-22,2024,4,2,Monday
691,2024-04-23,2024,4,2,Tuesday
692,2024-04-24,2024,4,2,Wednesday
693,2024-04-25,2024,4,2,Thursday
694,2024-04-26,2024,4,2,Friday
695,2024-04-28,2024,4,2,Sunday
696,2024-04-30,2024,4,2,Tuesday
697,2024-05-01,2024,5,2,Wednesday
698,2024-05-02,2024,5,2,Thursday
699,2024-05-03,2024,5,2,Friday
700,2024-05-05,2024,5,2,Sunday
701,2024-05-06,2024,5,2,Monday
702,2024-05-07,2024,5,2,Tuesday
703,2024-05-08,2024,5,2,Wednesday
704,2024-05-09,2024,5,2,Thursday
705,2024-05-10,2024,5,2,Friday
706,2024-05-11,2024,5,2,Saturday
707,2024-05-12,2024,5,2,Sunday
708,2024-05-14,2024,5,2,Tuesday
709,2024-05-15,2024,5,2,Wednesday
710,2024-05-16,2024,5,2,Thursday
711,2024-05-17,2024,5,2,Friday
712,2024-05-18,2024,5,2,Saturday
713,2024-05-19,2024,5,2,Sunday
714,2024-05-20,2024,5,2,Monday
715,2024-05-21,2024,5,2,Tuesday
716,2024-05-22,2024,5,2,Wednesday
717,2024-05-23,2024,5,2,Thursday
718,2024-05-24,2024,5,2,Friday
719,2024-05-25,2024,5,2,Saturday
720,2024-05-26,2024,5,2,Sunday
721,2024-05-27,2024,5,2,Monday
722,2024-05-28,2024,5,2,Tuesday
723,2024-05-29,2024,5,2,Wednesday
724,2024-05-30,2024,5,2,Thursday
725,2024-05-31,2024,5,2,Friday
726,2024-06-02,2024,6,2,Sunday
727,2024-06-03,2024,6,2,Monday
728,2024-06-04,2024,6,2,Tuesday
729,2024-06-05,2024,6,2,Wednesday
730,2024-06-06,2024,6,2,Thursday
731,2024-06-07,2024,6,2,Friday
732,2024-06-09,2024,6,2,Sunday
733,2024-06-10,2024,6,2,Monday
734,2024-06-11,2024,6,2,Tuesday
735,2024-06-12,2024,6,2,Wednesday
736,2024-06-13,2024,6,2,Thursday
737,2024-06-14,2024,6,2,Friday
738,2024-06-15,2024,6,2,Saturday
739,2024-06-16,2024,6,2,Sunday
740,2024-06-17,2024,6,2,Monday
741,2024-06-18,2024,6,2,Tuesday
742,2024-06-19,2024,6,2,Wednesday
743,2024-06-20,2024,6,2,Thursday
744,2024-06-21,2024,6,2,Friday
745,2024-06-23,2024,6,2,Sunday
746,2024-06-24,2024,6,2,Monday
747,2024-06-25,2024,6,2,Tuesday
748,2024-06-26,2024,6,2,Wednesday
749,2024-06-27,2024,6,2,Thursday
750,2024-06-28,2024,6,2,Friday
751,2024-06-29,2024,6,2,Saturday
752,2024-06-30,2024,6,2,Sunday
753,2024-07-01,2024,7,3,Monday
754,2024-07-02,2024,7,3,Tuesday
755,2024-07-03,2024,7,3,Wednesday
756,2024-07-04,2024,7,3,Thursday
757,2024-07-07,2024,7,3,Sunday
758,2024-07-08,2024,7,3,Monday
759,2024-07-09,2024,7,3,Tuesday
760,2024-07-10,2024,7,3,Wednesday
761,2024-07-12,2024,7,3,Friday
762,2024-07-14,2024,7,3,Sunday
763,2024-07-15,2024,7,3,Monday
764,2024-07-16,2024,7,3,Tuesday
765,2024-07-17,2024,7,3,Wednesday
766,2024-07-18,2024,7,3,Thursday
767,2024-07-19,2024,7,3,Friday
768,2024-07-20,2024,7,3,Saturday
769,2024-07-21,2024,7,3,Sunday
770,2024-07-22,2024,7,3,Monday
771,2024-07-23,2024,7,3,Tuesday
772,2024-07-24,2024,7,3,Wednesday
773,2024-07-25,2024,7,3,Thursday
774,2024-07-28,2024,7,3,Sunday
775,2024-07-29,2024,7,3,Monday
776,2024-07-30,2024,7,3,Tuesday
777,2024-07-31,2024,7,3,Wednesday
778,2024-08-01,2024,8,3,Thursday
779,2024-08-02,2024,8,3,Friday
780,2024-08-03,2024,8,3,Saturday
781,2024-08-04,2024,8,3,Sunday
782,2024-08-05,2024,8,3,Monday
783,2024-08-06,2024,8,3,Tuesday
784,2024-08-07,2024,8,3,Wednesday
785,2024-08-08,2024,8,3,Thursday
786,2024-08-09,2024,8,3,Friday
787,2024-08-11,2024,8,3,Sunday
788,2024-08-12,2024,8,3,Monday
789,2024-08-13,2024,8,3,Tuesday
790,2024-08-14,2024,8,3,Wednesday
791,2024-08-15,2024,8,3,Thursday
792,2024-08-16,2024,8,3,Friday
793,2024-08-17,2024,8,3,Saturday
794,2024-08-18,2024,8,3,Sunday
795,2024-08-19,2024,8,3,Monday
796,2024-08-20,2024,8,3,Tuesday
797,2024-08-21,2024,8,3,Wednesday
798,2024-08-22,2024,8,3,Thursday
799,2024-08-23,2024,8,3,Friday
800,2024-08-26,2024,8,3,Monday
801,2024-08-27,2024,8,3,Tuesday
802,2024-08-28,2024,8,3,Wednesday
803,2024-08-29,2024,8,3,Thursday
804,2024-08-30,2024,8,3,Friday
805,2024-08-31,2024,8,3,Saturday
806,2024-09-01,2024,9,3,Sunday
807,2024-09-02,2024,9,3,Monday
808,2024-09-03,2024,9,3,Tuesday
809,2024-09-04,2024,9,3,Wednesday
810,2024-09-05,2024,9,3,Thursday
811,2024-09-06,2024,9,3,Friday
812,2024-09-08,2024,9,3,Sunday
813,2024-09-09,2024,9,3,Monday
814,2024-09-10,2024,9,3,Tuesday
815,2024-09-11,2024,9,3,Wednesday
816,2024-09-12,2024,9,3,Thursday
817,2024-09-13,2024,9,3,Friday
818,2024-09-14,2024,9,3,Saturday
819,2024-09-15,2024,9,3,Sunday
820,2024-09-16,2024,9,3,Monday
821,2024-09-17,2024,9,3,Tuesday
822,2024-09-18,2024,9,3,Wednesday
823,2024-09-19,2024,9,3,Thursday
824,2024-09-20,2024,9,3,Friday
825,2024-09-22,2024,9,3,Sunday
826,2024-09-23,2024,9,3,Monday
827,2024-09-24,2024,9,3,Tuesday
828,2024-09-25,2024,9,3,Wednesday
829,2024-09-26,2024,9,3,Thursday
830,2024-09-27,2024,9,3,Friday
831,2024-09-28,2024,9,3,Saturday
832,2024-09-29,2024,9,3,Sunday
833,2024-09-30,2024,9,3,Monday
834,2024-10-01,2024,10,4,Tuesday
835,2024-10-02,2024,10,4,Wednesday
836,2024-10-03,2024,10,4,Thursday
837,2024-10-04,2024,10,4,Friday
838,2024-10-06,2024,10,4,Sunday
839,2024-10-07,2024,10,4,Monday
840,2024-10-08,2024,10,4,Tuesday
841,2024-10-09,2024,10,4,Wednesday
842,2024-10-10,2024,10,4,Thursday
843,2024-10-11,2024,10,4,Friday
844,2024-10-13,2024,10,4,Sunday
845,2024-10-14,2024,10,4,Monday
846,2024-10-15,2024,10,4,Tuesday
847,2024-10-16,2024,10,4,Wednesday
848,2024-10-17,2024,10,4,Thursday
849,2024-10-18,2024,10,4,Friday
850,2024-10-19,2024,10,4,Saturday
851,2024-10-20,2024,10,4,Sunday
852,2024-10-21,2024,10,4,Monday
853,2024-10-22,2024,10,4,Tuesday
854,2024-10-23,2024,10,4,Wednesday
855,2024-10-24,2024,10,4,Thursday
856,2024-10-25,2024,10,4,Friday
857,2024-10-27,2024,10,4,Sunday
858,2024-10-28,2024,10,4,Monday
859,2024-10-29,2024,10,4,Tuesday
860,2024-10-30,2024,10,4,Wednesday
861,2024-10-31,2024,10,4,Thursday
862,2024-11-01,2024,11,4,Friday
863,2024-11-03,2024,11,4,Sunday
864,2024-11-04,2024,11,4,Monday
865,2024-11-05,2024,11,4,Tuesday
866,2024-11-06,2024,11,4,Wednesday
867,2024-11-07,2024,11,4,Thursday
868,2024-11-08,2024,11,4,Friday
869,2024-11-09,2024,11,4,Saturday
870,2024-11-10,2024,11,4,Sunday
871,2024-11-11,2024,11,4,Monday
872,2024-11-12,2024,11,4,Tuesday
873,2024-11-13,2024,11,4,Wednesday
874,2024-11-14,2024,11,4,Thursday
875,2024-11-15,2024,11,4,Friday
876,2024-11-16,2024,11,4,Saturday
877,2024-11-17,2024,11,4,Sunday
878,2024-11-18,2024,11,4,Monday
879,2024-11-19,2024,11,4,Tuesday
880,2024-11-20,2024,11,4,Wednesday
881,2024-11-21,2024,11,4,Thursday
882,2024-11-22,2024,11,4,Friday
883,2024-11-23,2024,11,4,Saturday
884,2024-11-24,2024,11,4,Sunday
885,2024-11-25,2024,11,4,Monday
886,2024-11-26,2024,11,4,Tuesday
887,2024-11-27,2024,11,4,Wednesday
888,2024-11-28,2024,11,4,Thursday
889,2024-11-29,2024,11,4,Friday
890,2024-11-30,2024,11,4,Saturday
891,2024-12-01,2024,12,4,Sunday
892,2024-12-02,2024,12,4,Monday
893,2024-12-03,2024,12,4,Tuesday
894,2024-12-04,2024,12,4,Wednesday
895,2024-12-05,2024,12,4,Thursday
896,2024-12-06,2024,12,4,Friday
897,2024-12-08,2024,12,4,Sunday
898,2024-12-09,2024,12,4,Monday
899,2024-12-10,2024,12,4,Tuesday
900,2024-12-11,2024,12,4,Wednesday
901,2024-12-12,2024,12,4,Thursday
902,2024-12-13,2024,12,4,Friday
903,2024-12-14,2024,12,4,Saturday
904,2024-12-15,2024,12,4,Sunday
905,2024-12-16,2024,12,4,Monday
906,2024-12-17,2024,12,4,Tuesday
907,2024-12-18,2024,12,4,Wednesday
908,2024-12-19,2024,12,4,Thursday
909,2024-12-20,2024,12,4,Friday
910,2024-12-22,2024,12,4,Sunday
911,2024-12-23,2024,12,4,Monday
912,2024-12-24,2024,12,4,Tuesday
913,2024-12-25,2024,12,4,Wednesday
914,2024-12-26,2024,12,4,Thursday
915,2024-12-27,2024,12,4,Friday
916,2024-12-29,2024,12,4,Sunday
917,2024-12-30,2024,12,4,Monday
918,2024-12-31,2024,12,4,Tuesday
919,2025-01-01,2025,1,1,Wednesday
920,2025-01-02,2025,1,1,Thursday
921,2025-01-03,2025,1,1,Friday
922,2025-01-06,2025,1,1,Monday
923,2025-01-07,2025,1,1,Tuesday
924,2025-01-08,2025,1,1,Wednesday
925,2025-01-09,2025,1,1,Thursday
926,2025-01-12,2025,1,1,Sunday
927,2025-01-13,2025,1,1,Monday
928,2025-01-14,2025,1,1,Tuesday
929,2025-01-15,2025,1,1,Wednesday
930,2025-01-16,2025,1,1,Thursday
931,2025-01-17,2025,1,1,Friday
932,2025-01-19,2025,1,1,Sunday
933,2025-01-20,2025,1,1,Monday
934,2025-01-21,2025,1,1,Tuesday
935,2025-01-22,2025,1,1,Wednesday
936,2025-01-23,2025,1,1,Thursday
937,2025-01-24,2025,1,1,Friday
938,2025-01-26,2025,1,1,Sunday
939,2025-01-27,2025,1,1,Monday
940,2025-01-28,2025,1,1,Tuesday
941,2025-01-29,2025,1,1,Wednesday
942,2025-01-30,2025,1,1,Thursday
943,2025-02-02,2025,2,1,Sunday
944,2025-02-03,2025,2,1,Monday
945,2025-02-04,2025,2,1,Tuesday
946,2025-02-05,2025,2,1,Wednesday
947,2025-02-06,2025,2,1,Thursday
948,2025-02-09,2025,2,1,Sunday
949,2025-02-10,2025,2,1,Monday
950,2025-02-11,2025,2,1,Tuesday
951,2025-02-13,2025,2,1,Thursday
952,2025-02-16,2025,2,1,Sunday
953,2025-02-17,2025,2,1,Monday
954,2025-02-18,2025,2,1,Tuesday
955,2025-02-19,2025,2,1,Wednesday
956,2025-02-20,2025,2,1,Thursday
957,2025-02-21,2025,2,1,Friday
958,2025-02-23,2025,2,1,Sunday
959,2025-02-24,2025,2,1,Monday
960,2025-02-25,2025,2,1,Tuesday
961,2025-02-26,2025,2,1,Wednesday
962,2025-02-28,2025,2,1,Friday
963,2025-03-02,2025,3,1,Sunday
964,2025-03-03,2025,3,1,Monday
965,2025-03-04,2025,3,1,Tuesday
966,2025-03-05,2025,3,1,Wednesday
967,2025-03-06,2025,3,1,Thursday
968,2025-03-07,2025,3,1,Friday
969,2025-03-08,2025,3,1,Saturday
970,2025-03-09,2025,3,1,Sunday
971,2025-03-10,2025,3,1,Monday
972,2025-03-11,2025,3,1,Tuesday
973,2025-03-12,2025,3,1,Wednesday
974,2025-03-13,2025,3,1,Thursday
975,2025-03-14,2025,3,1,Friday
976,2025-03-16,2025,3,1,Sunday
977,2025-03-17,2025,3,1,Monday
978,2025-03-18,2025,3,1,Tuesday
979,2025-03-19,2025,3,1,Wednesday
980,2025-03-20,2025,3,1,Thursday
981,2025-03-21,2025,3,1,Friday
982,2025-03-23,2025,3,1,Sunday
983,2025-03-24,2025,3,1,Monday
984,2025-03-25,2025,3,1,Tuesday
985,2025-03-26,2025,3,1,Wednesday
986,2025-03-27,2025,3,1,Thursday
987,2025-03-28,2025,3,1,Friday
988,2025-03-29,2025,3,1,Saturday
989,2025-03-30,2025,3,1,Sunday
990,2025-03-31,2025,3,1,Monday
991,2025-04-01,2025,4,2,Tuesday
992,2025-04-02,2025,4,2,Wednesday
993,2025-04-03,2025,4,2,Thursday
994,2025-04-04,2025,4,2,Friday
995,2025-04-06,2025,4,2,Sunday
996,2025-04-07,2025,4,2,Monday
997,2025-04-08,2025,4,2,Tuesday
998,2025-04-09,2025,4,2,Wednesday
999,2025-04-10,2025,4,2,Thursday
1000,2025-04-11,2025,4,2,Friday
1001,2025-04-12,2025,4,2,Saturday
1002,2025-04-13,2025,4,2,Sunday
1003,2025-04-14,2025,4,2,Monday
1004,2025-04-15,2025,4,2,Tuesday
1005,2025-04-16,2025,4,2,Wednesday
1006,2025-04-17,2025,4,2,Thursday
1007,2025-04-20,2025,4,2,Sunday
1008,2025-04-21,2025,4,2,Monday
1009,2025-04-22,2025,4,2,Tuesday
1010,2025-04-23,2025,4,2,Wednesday
1011,2025-04-24,2025,4,2,Thursday
1012,2025-04-25,2025,4,2,Friday
1013,2025-04-26,2025,4,2,Saturday
1014,2025-04-27,2025,4,2,Sunday
1015,2025-04-28,2025,4,2,Monday
1016,2025-04-29,2025,4,2,Tuesday
1017,2025-04-30,2025,4,2,Wednesday
1018,2025-05-01,2025,5,2,Thursday
1019,2025-05-02,2025,5,2,Friday
1020,2025-05-03,2025,5,2,Saturday
1021,2025-05-04,2025,5,2,Sunday
1022,2025-05-05,2025,5,2,Monday
1023,2025-05-06,2025,5,2,Tuesday
1024,2025-05-07,2025,5,2,Wednesday
1025,2025-05-08,2025,5,2,Thursday
1026,2025-05-09,2025,5,2,Friday
1027,2025-05-11,2025,5,2,Sunday
1028,2025-05-12,2025,5,2,Monday
1029,2025-05-13,2025,5,2,Tuesday
1030,2025-05-14,2025,5,2,Wednesday
1031,2025-05-15,2025,5,2,Thursday
1032,2025-05-16,2025,5,2,Friday
1033,2025-05-18,2025,5,2,Sunday
1034,2025-05-19,2025,5,2,Monday
1035,2025-05-20,2025,5,2,Tuesday
1036,2025-05-21,2025,5,2,Wednesday
1037,2025-05-22,2025,5,2,Thursday
1038,2025-05-23,2025,5,2,Friday
1039,2025-05-25,2025,5,2,Sunday
1040,2025-05-26,2025,5,2,Monday
1041,2025-05-27,2025,5,2,Tuesday
1042,2025-05-28,2025,5,2,Wednesday
1043,2025-05-29,2025,5,2,Thursday
1044,2025-05-30,2025,5,2,Friday
1045,2025-06-01,2025,6,2,Sunday
1046,2025-06-02,2025,6,2,Monday
1047,2025-06-03,2025,6,2,Tuesday
1048,2025-06-04,2025,6,2,Wednesday
1049,2025-06-05,2025,6,2,Thursday
1050,2025-06-06,2025,6,2,Friday
1051,2025-06-08,2025,6,2,Sunday
1052,2025-06-09,2025,6,2,Monday
1053,2025-06-10,2025,6,2,Tuesday
1054,2025-06-11,2025,6,2,Wednesday
1055,2025-06-12,2025,6,2,Thursday
1056,2025-06-13,2025,6,2,Friday
1057,2025-06-15,2025,6,2,Sunday
1058,2025-06-16,2025,6,2,Monday
1059,2025-06-17,2025,6,2,Tuesday
1060,2025-06-18,2025,6,2,Wednesday
1061,2025-06-19,2025,6,2,Thursday
1062,2025-06-20,2025,6,2,Friday
1063,2025-06-21,2025,6,2,Saturday
1064,2025-06-22,2025,6,2,Sunday
1065,2025-06-24,2025,6,2,Tuesday
1066,2025-06-25,2025,6,2,Wednesday
1067,2025-06-26,2025,6,2,Thursday
1068,2025-06-27,2025,6,2,Friday
1069,2025-06-29,2025,6,2,Sunday
1070,2025-06-30,2025,6,2,Monday
1071,2025-07-01,2025,7,3,Tuesday
1072,2025-07-02,2025,7,3,Wednesday
1073,2025-07-03,2025,7,3,Thursday
1074,2025-07-05,2025,7,3,Saturday
1075,2025-07-06,2025,7,3,Sunday
1076,2025-07-07,2025,7,3,Monday
1077,2025-07-08,2025,7,3,Tuesday
1078,2025-07-09,2025,7,3,Wednesday
1079,2025-07-10,2025,7,3,Thursday
1080,2025-07-11,2025,7,3,Friday
1081,2025-07-12,2025,7,3,Saturday
1082,2025-07-13,2025,7,3,Sunday
1083,2025-07-14,2025,7,3,Monday
1084,2025-07-15,2025,7,3,Tuesday
1085,2025-07-16,2025,7,3,Wednesday
1086,2025-07-17,2025,7,3,Thursday
1087,2025-07-18,2025,7,3,Friday
1088,2025-07-20,2025,7,3,Sunday
1089,2025-07-21,2025,7,3,Monday
1090,2025-07-22,2025,7,3,Tuesday
1091,2025-07-23,2025,7,3,Wednesday
1092,2025-07-24,2025,7,3,Thursday
1093,2025-07-25,2025,7,3,Friday
1094,2025-07-26,2025,7,3,Saturday
1095,2025-07-27,2025,7,3,Sunday
1096,2025-07-28,2025,7,3,Monday
1097,2025-07-29,2025,7,3,Tuesday
1098,2025-07-30,2025,7,3,Wednesday
1099,2025-07-31,2025,7,3,Thursday
1100,2025-08-01,2025,8,3,Friday
1101,2025-08-03,2025,8,3,Sunday
1102,2025-08-04,2025,8,3,Monday
1103,2025-08-05,2025,8,3,Tuesday
1104,2025-08-06,2025,8,3,Wednesday
1105,2025-08-07,2025,8,3,Thursday
1106,2025-08-08,2025,8,3,Friday
1107,2025-08-10,2025,8,3,Sunday
1108,2025-08-11,2025,8,3,Monday
1109,2025-08-12,2025,8,3,Tuesday
1110,2025-08-13,2025,8,3,Wednesday
1111,2025-08-14,2025,8,3,Thursday
1112,2025-08-15,2025,8,3,Friday
1113,2025-08-16,2025,8,3,Saturday
1114,2025-08-17,2025,8,3,Sunday
1115,2025-08-18,2025,8,3,Monday
1116,2025-08-19,2025,8,3,Tuesday
1117,2025-08-20,2025,8,3,Wednesday
1118,2025-08-21,2025,8,3,Thursday
1119,2025-08-22,2025,8,3,Friday
1120,2025-08-23,2025,8,3,Saturday
1121,2025-08-24,2025,8,3,Sunday
1122,2025-08-25,2025,8,3,Monday
1123,2025-08-26,2025,8,3,Tuesday
1124,2025-08-27,2025,8,3,Wednesday
1125,2025-08-28,2025,8,3,Thursday
1126,2025-08-29,2025,8,3,Friday
1127,2025-08-31,2025,8,3,Sunday
1128,2025-09-01,2025,9,3,Monday
1129,2025-09-02,2025,9,3,Tuesday
1130,2025-09-03,2025,9,3,Wednesday
1131,2025-09-04,2025,9,3,Thursday
1132,2025-09-05,2025,9,3,Friday
1133,2025-09-07,2025,9,3,Sunday
1134,2025-09-08,2025,9,3,Monday
1135,2025-09-09,2025,9,3,Tuesday
1136,2025-09-10,2025,9,3,Wednesday
1137,2025-09-11,2025,9,3,Thursday
1138,2025-09-12,2025,9,3,Friday
1139,2025-09-13,2025,9,3,Saturday
1140,2025-09-14,2025,9,3,Sunday
1141,2025-09-15,2025,9,3,Monday
1142,2025-09-16,2025,9,3,Tuesday
1143,2025-09-17,2025,9,3,Wednesday
1144,2025-09-18,2025,9,3,Thursday
1145,2025-09-19,2025,9,3,Friday
1146,2025-09-20,2025,9,3,Saturday
1147,2025-09-21,2025,9,3,Sunday
1148,2025-09-22,2025,9,3,Monday
1149,2025-09-23,2025,9,3,Tuesday
1150,2025-09-24,2025,9,3,Wednesday
1151,2025-09-25,2025,9,3,Thursday
1152,2025-09-26,2025,9,3,Friday
1153,2025-09-28,2025,9,3,Sunday
1154,2025-09-29,2025,9,3,Monday
1155,2025-09-30,2025,9,3,Tuesday
1156,2025-10-01,2025,10,4,Wednesday
1157,2025-10-02,2025,10,4,Thursday
1158,2025-10-03,2025,10,4,Friday
1159,2025-10-04,2025,10,4,Saturday
1160,2025-10-05,2025,10,4,Sunday
1161,2025-10-06,2025,10,4,Monday
1162,2025-10-07,2025,10,4,Tuesday
1163,2025-10-08,2025,10,4,Wednesday
1164,2025-10-09,2025,10,4,Thursday
1165,2025-10-10,2025,10,4,Friday
1166,2025-10-12,2025,10,4,Sunday
1167,2025-10-13,2025,10,4,Monday
1168,2025-10-14,2025,10,4,Tuesday
1169,2025-10-15,2025,10,4,Wednesday
1170,2025-10-16,2025,10,4,Thursday
1171,2025-10-17,2025,10,4,Friday
1172,2025-10-19,2025,10,4,Sunday
1173,2025-10-20,2025,10,4,Monday
1174,2025-10-21,2025,10,4,Tuesday
1175,2025-10-22,2025,10,4,Wednesday
1176,2025-10-23,2025,10,4,Thursday
1177,2025-10-24,2025,10,4,Friday
1178,2025-10-26,2025,10,4,Sunday
1179,2025-10-27,2025,10,4,Monday
1180,2025-10-28,2025,10,4,Tuesday
1181,2025-10-29,2025,10,4,Wednesday
1182,2025-10-30,2025,10,4,Thursday
1183,2025-10-31,2025,10,4,Friday
1184,2025-11-01,2025,11,4,Saturday
1185,2025-11-02,2025,11,4,Sunday
1186,2025-11-03,2025,11,4,Monday
1187,2025-11-04,2025,11,4,Tuesday
1188,2025-11-05,2025,11,4,Wednesday
1189,2025-11-06,2025,11,4,Thursday
1190,2025-11-07,2025,11,4,Friday
1191,2025-11-08,2025,11,4,Saturday
1192,2025-11-09,2025,11,4,Sunday
1193,2025-11-10,2025,11,4,Monday
1194,2025-11-11,2025,11,4,Tuesday
1195,2025-11-12,2025,11,4,Wednesday
1196,2025-11-13,2025,11,4,Thursday
1197,2025-11-14,2025,11,4,Friday
1198,2025-11-15,2025,11,4,Saturday
1199,2025-11-16,2025,11,4,Sunday
1200,2025-11-17,2025,11,4,Monday
1201,2025-11-18,2025,11,4,Tuesday
1202,2025-11-19,2025,11,4,Wednesday
1203,2025-11-20,2025,11,4,Thursday
1204,2025-11-21,2025,11,4,Friday
1205,2025-11-22,2025,11,4,Saturday
1206,2025-11-23,2025,11,4,Sunday
1207,2025-11-24,2025,11,4,Monday
1208,2025-11-25,2025,11,4,Tuesday
1209,2025-11-26,2025,11,4,Wednesday
1210,2025-11-27,2025,11,4,Thursday
1211,2025-11-28,2025,11,4,Friday
1212,2025-11-29,2025,11,4,Saturday
1213,2025-11-30,2025,11,4,Sunday
1214,2025-12-01,2025,12,4,Monday
1215,2025-12-02,2025,12,4,Tuesday
1216,2025-12-03,2025,12,4,Wednesday
1217,2025-12-04,2025,12,4,Thursday
1218,2025-12-05,2025,12,4,Friday
1219,2025-12-06,2025,12,4,Saturday
1220,2025-12-07,2025,12,4,Sunday
1221,2025-12-08,2025,12,4,Monday
1222,2025-12-09,2025,12,4,Tuesday
1223,2025-12-10,2025,12,4,Wednesday
1224,2025-12-11,2025,12,4,Thursday
1225,2025-12-13,2025,12,4,Saturday
1226,2025-12-14,2025,12,4,Sunday
1227,2025-12-15,2025,12,4,Monday
1228,2025-12-16,2025,12,4,Tuesday
1229,2025-12-17,2025,12,4,Wednesday
1230,2025-12-18,2025,12,4,Thursday
1231,2025-12-19,2025,12,4,Friday
1232,2025-12-20,2025,12,4,Saturday
1233,2025-12-21,2025,12,4,Sunday
1234,2025-12-22,2025,12,4,Monday
1235,2025-12-23,2025,12,4,Tuesday
1236,2025-12-24,2025,12,4,Wednesday
1237,2025-12-25,2025,12,4,Thursday
1238,2025-12-26,2025,12,4,Friday
1239,2025-12-27,2025,12,4,Saturday
1240,2025-12-28,2025,12,4,Sunday
1241,2025-12-29,2025,12,4,Monday
1242,2025-12-30,2025,12,4,Tuesday
